DT_DATE,MS_NUM_DEATHS
01/01/2008,342
02/01/2008,348
03/01/2008,340
04/01/2008,349
05/01/2008,348
06/01/2008,341
07/01/2008,320
08/01/2008,359
09/01/2008,344
10/01/2008,344
11/01/2008,357
12/01/2008,350
13/01/2008,297
14/01/2008,330
15/01/2008,365
16/01/2008,335
17/01/2008,318
18/01/2008,342
19/01/2008,331
20/01/2008,322
21/01/2008,356
22/01/2008,294
23/01/2008,332
24/01/2008,300
25/01/2008,306
26/01/2008,326
27/01/2008,293
28/01/2008,275
29/01/2008,328
30/01/2008,305
31/01/2008,338
01/02/2008,326
02/02/2008,280
03/02/2008,290
04/02/2008,317
05/02/2008,311
06/02/2008,288
07/02/2008,298
08/02/2008,281
09/02/2008,290
10/02/2008,287
11/02/2008,281
12/02/2008,336
13/02/2008,289
14/02/2008,296
15/02/2008,321
16/02/2008,321
17/02/2008,312
18/02/2008,290
19/02/2008,290
20/02/2008,327
21/02/2008,333
22/02/2008,322
23/02/2008,325
24/02/2008,305
25/02/2008,297
26/02/2008,319
27/02/2008,297
28/02/2008,294
29/02/2008,337
01/03/2008,298
02/03/2008,326
03/03/2008,291
04/03/2008,286
05/03/2008,303
06/03/2008,294
07/03/2008,305
08/03/2008,290
09/03/2008,287
10/03/2008,303
11/03/2008,289
12/03/2008,338
13/03/2008,289
14/03/2008,317
15/03/2008,305
16/03/2008,318
17/03/2008,286
18/03/2008,300
19/03/2008,271
20/03/2008,310
21/03/2008,336
22/03/2008,311
23/03/2008,316
24/03/2008,278
25/03/2008,294
26/03/2008,301
27/03/2008,334
28/03/2008,355
29/03/2008,293
30/03/2008,295
31/03/2008,350
01/04/2008,303
02/04/2008,333
03/04/2008,317
04/04/2008,303
05/04/2008,310
06/04/2008,319
07/04/2008,299
08/04/2008,302
09/04/2008,337
10/04/2008,295
11/04/2008,351
12/04/2008,311
13/04/2008,269
14/04/2008,300
15/04/2008,319
16/04/2008,287
17/04/2008,360
18/04/2008,301
19/04/2008,288
20/04/2008,281
21/04/2008,308
22/04/2008,295
23/04/2008,304
24/04/2008,299
25/04/2008,295
26/04/2008,279
27/04/2008,292
28/04/2008,301
29/04/2008,305
30/04/2008,300
01/05/2008,295
02/05/2008,255
03/05/2008,261
04/05/2008,290
05/05/2008,283
06/05/2008,286
07/05/2008,282
08/05/2008,282
09/05/2008,279
10/05/2008,299
11/05/2008,270
12/05/2008,283
13/05/2008,318
14/05/2008,328
15/05/2008,294
16/05/2008,281
17/05/2008,280
18/05/2008,257
19/05/2008,260
20/05/2008,246
21/05/2008,257
22/05/2008,273
23/05/2008,297
24/05/2008,265
25/05/2008,279
26/05/2008,251
27/05/2008,277
28/05/2008,272
29/05/2008,267
30/05/2008,241
31/05/2008,248
01/06/2008,252
02/06/2008,276
03/06/2008,275
04/06/2008,252
05/06/2008,265
06/06/2008,214
07/06/2008,262
08/06/2008,234
09/06/2008,280
10/06/2008,258
11/06/2008,262
12/06/2008,264
13/06/2008,253
14/06/2008,255
15/06/2008,264
16/06/2008,270
17/06/2008,252
18/06/2008,290
19/06/2008,231
20/06/2008,257
21/06/2008,280
22/06/2008,273
23/06/2008,262
24/06/2008,288
25/06/2008,270
26/06/2008,267
27/06/2008,281
28/06/2008,278
29/06/2008,257
30/06/2008,287
01/07/2008,264
02/07/2008,294
03/07/2008,252
04/07/2008,264
05/07/2008,259
06/07/2008,266
07/07/2008,241
08/07/2008,231
09/07/2008,276
10/07/2008,260
11/07/2008,295
12/07/2008,248
13/07/2008,241
14/07/2008,247
15/07/2008,240
16/07/2008,283
17/07/2008,234
18/07/2008,268
19/07/2008,219
20/07/2008,220
21/07/2008,216
22/07/2008,236
23/07/2008,255
24/07/2008,275
25/07/2008,287
26/07/2008,272
27/07/2008,271
28/07/2008,284
29/07/2008,297
30/07/2008,301
31/07/2008,323
01/08/2008,330
02/08/2008,281
03/08/2008,244
04/08/2008,291
05/08/2008,250
06/08/2008,264
07/08/2008,251
08/08/2008,250
09/08/2008,241
10/08/2008,237
11/08/2008,211
12/08/2008,247
13/08/2008,259
14/08/2008,242
15/08/2008,234
16/08/2008,236
17/08/2008,250
18/08/2008,251
19/08/2008,259
20/08/2008,247
21/08/2008,264
22/08/2008,236
23/08/2008,238
24/08/2008,234
25/08/2008,243
26/08/2008,255
27/08/2008,248
28/08/2008,269
29/08/2008,252
30/08/2008,289
31/08/2008,246
01/09/2008,255
02/09/2008,248
03/09/2008,250
04/09/2008,240
05/09/2008,248
06/09/2008,265
07/09/2008,217
08/09/2008,247
09/09/2008,275
10/09/2008,246
11/09/2008,229
12/09/2008,255
13/09/2008,260
14/09/2008,224
15/09/2008,270
16/09/2008,236
17/09/2008,257
18/09/2008,278
19/09/2008,269
20/09/2008,252
21/09/2008,249
22/09/2008,269
23/09/2008,263
24/09/2008,278
25/09/2008,285
26/09/2008,261
27/09/2008,236
28/09/2008,253
29/09/2008,277
30/09/2008,292
01/10/2008,306
02/10/2008,240
03/10/2008,263
04/10/2008,246
05/10/2008,222
06/10/2008,288
07/10/2008,314
08/10/2008,279
09/10/2008,289
10/10/2008,289
11/10/2008,270
12/10/2008,265
13/10/2008,294
14/10/2008,272
15/10/2008,251
16/10/2008,266
17/10/2008,273
18/10/2008,258
19/10/2008,285
20/10/2008,257
21/10/2008,294
22/10/2008,281
23/10/2008,255
24/10/2008,244
25/10/2008,267
26/10/2008,295
27/10/2008,252
28/10/2008,294
29/10/2008,293
30/10/2008,296
31/10/2008,288
01/11/2008,274
02/11/2008,272
03/11/2008,292
04/11/2008,273
05/11/2008,295
06/11/2008,314
07/11/2008,295
08/11/2008,295
09/11/2008,245
10/11/2008,294
11/11/2008,292
12/11/2008,269
13/11/2008,288
14/11/2008,284
15/11/2008,277
16/11/2008,253
17/11/2008,282
18/11/2008,255
19/11/2008,255
20/11/2008,307
21/11/2008,307
22/11/2008,292
23/11/2008,301
24/11/2008,281
25/11/2008,292
26/11/2008,295
27/11/2008,293
28/11/2008,305
29/11/2008,310
30/11/2008,270
01/12/2008,272
02/12/2008,313
03/12/2008,300
04/12/2008,304
05/12/2008,370
06/12/2008,327
07/12/2008,283
08/12/2008,316
09/12/2008,288
10/12/2008,331
11/12/2008,307
12/12/2008,298
13/12/2008,325
14/12/2008,278
15/12/2008,300
16/12/2008,307
17/12/2008,326
18/12/2008,356
19/12/2008,325
20/12/2008,299
21/12/2008,298
22/12/2008,302
23/12/2008,284
24/12/2008,343
25/12/2008,297
26/12/2008,337
27/12/2008,334
28/12/2008,320
29/12/2008,319
30/12/2008,323
31/12/2008,318
01/01/2009,310
02/01/2009,322
03/01/2009,310
04/01/2009,344
05/01/2009,366
06/01/2009,320
07/01/2009,381
08/01/2009,365
09/01/2009,347
10/01/2009,367
11/01/2009,320
12/01/2009,379
13/01/2009,375
14/01/2009,355
15/01/2009,382
16/01/2009,379
17/01/2009,390
18/01/2009,375
19/01/2009,377
20/01/2009,382
21/01/2009,390
22/01/2009,359
23/01/2009,390
24/01/2009,369
25/01/2009,345
26/01/2009,378
27/01/2009,371
28/01/2009,359
29/01/2009,334
30/01/2009,375
31/01/2009,372
01/02/2009,336
02/02/2009,360
03/02/2009,387
04/02/2009,356
05/02/2009,408
06/02/2009,346
07/02/2009,366
08/02/2009,378
09/02/2009,382
10/02/2009,361
11/02/2009,359
12/02/2009,371
13/02/2009,363
14/02/2009,344
15/02/2009,328
16/02/2009,313
17/02/2009,340
18/02/2009,347
19/02/2009,300
20/02/2009,295
21/02/2009,325
22/02/2009,328
23/02/2009,318
24/02/2009,327
25/02/2009,306
26/02/2009,347
27/02/2009,377
28/02/2009,331
01/03/2009,313
02/03/2009,291
03/03/2009,311
04/03/2009,311
05/03/2009,331
06/03/2009,316
07/03/2009,311
08/03/2009,313
09/03/2009,294
10/03/2009,268
11/03/2009,282
12/03/2009,302
13/03/2009,312
14/03/2009,295
15/03/2009,258
16/03/2009,300
17/03/2009,298
18/03/2009,252
19/03/2009,293
20/03/2009,298
21/03/2009,267
22/03/2009,261
23/03/2009,260
24/03/2009,283
25/03/2009,299
26/03/2009,262
27/03/2009,297
28/03/2009,266
29/03/2009,284
30/03/2009,255
31/03/2009,303
01/04/2009,269
02/04/2009,295
03/04/2009,257
04/04/2009,271
05/04/2009,282
06/04/2009,302
07/04/2009,284
08/04/2009,264
09/04/2009,324
10/04/2009,282
11/04/2009,299
12/04/2009,253
13/04/2009,253
14/04/2009,281
15/04/2009,267
16/04/2009,300
17/04/2009,312
18/04/2009,263
19/04/2009,261
20/04/2009,274
21/04/2009,310
22/04/2009,269
23/04/2009,278
24/04/2009,291
25/04/2009,286
26/04/2009,246
27/04/2009,268
28/04/2009,268
29/04/2009,254
30/04/2009,285
01/05/2009,278
02/05/2009,252
03/05/2009,264
04/05/2009,231
05/05/2009,238
06/05/2009,270
07/05/2009,229
08/05/2009,276
09/05/2009,252
10/05/2009,241
11/05/2009,253
12/05/2009,282
13/05/2009,264
14/05/2009,266
15/05/2009,256
16/05/2009,252
17/05/2009,213
18/05/2009,262
19/05/2009,263
20/05/2009,280
21/05/2009,275
22/05/2009,264
23/05/2009,260
24/05/2009,230
25/05/2009,290
26/05/2009,282
27/05/2009,249
28/05/2009,279
29/05/2009,265
30/05/2009,250
31/05/2009,260
01/06/2009,272
02/06/2009,297
03/06/2009,257
04/06/2009,247
05/06/2009,266
06/06/2009,252
07/06/2009,259
08/06/2009,265
09/06/2009,305
10/06/2009,257
11/06/2009,274
12/06/2009,253
13/06/2009,248
14/06/2009,275
15/06/2009,276
16/06/2009,271
17/06/2009,253
18/06/2009,257
19/06/2009,298
20/06/2009,231
21/06/2009,230
22/06/2009,247
23/06/2009,265
24/06/2009,289
25/06/2009,268
26/06/2009,295
27/06/2009,296
28/06/2009,289
29/06/2009,281
30/06/2009,284
01/07/2009,283
02/07/2009,288
03/07/2009,294
04/07/2009,251
05/07/2009,263
06/07/2009,240
07/07/2009,236
08/07/2009,227
09/07/2009,264
10/07/2009,261
11/07/2009,249
12/07/2009,266
13/07/2009,270
14/07/2009,269
15/07/2009,281
16/07/2009,290
17/07/2009,280
18/07/2009,240
19/07/2009,232
20/07/2009,241
21/07/2009,257
22/07/2009,296
23/07/2009,269
24/07/2009,240
25/07/2009,232
26/07/2009,226
27/07/2009,259
28/07/2009,295
29/07/2009,272
30/07/2009,271
31/07/2009,247
01/08/2009,246
02/08/2009,239
03/08/2009,262
04/08/2009,259
05/08/2009,293
06/08/2009,302
07/08/2009,289
08/08/2009,245
09/08/2009,237
10/08/2009,261
11/08/2009,228
12/08/2009,269
13/08/2009,246
14/08/2009,234
15/08/2009,241
16/08/2009,245
17/08/2009,264
18/08/2009,215
19/08/2009,253
20/08/2009,316
21/08/2009,231
22/08/2009,218
23/08/2009,255
24/08/2009,292
25/08/2009,243
26/08/2009,278
27/08/2009,244
28/08/2009,252
29/08/2009,227
30/08/2009,222
31/08/2009,264
01/09/2009,263
02/09/2009,266
03/09/2009,253
04/09/2009,252
05/09/2009,248
06/09/2009,237
07/09/2009,261
08/09/2009,259
09/09/2009,272
10/09/2009,254
11/09/2009,258
12/09/2009,260
13/09/2009,238
14/09/2009,229
15/09/2009,249
16/09/2009,280
17/09/2009,260
18/09/2009,275
19/09/2009,248
20/09/2009,262
21/09/2009,270
22/09/2009,283
23/09/2009,265
24/09/2009,264
25/09/2009,279
26/09/2009,239
27/09/2009,243
28/09/2009,248
29/09/2009,273
30/09/2009,256
01/10/2009,275
02/10/2009,267
03/10/2009,241
04/10/2009,269
05/10/2009,278
06/10/2009,258
07/10/2009,280
08/10/2009,294
09/10/2009,274
10/10/2009,263
11/10/2009,265
12/10/2009,265
13/10/2009,275
14/10/2009,276
15/10/2009,248
16/10/2009,277
17/10/2009,278
18/10/2009,253
19/10/2009,292
20/10/2009,285
21/10/2009,352
22/10/2009,296
23/10/2009,297
24/10/2009,284
25/10/2009,303
26/10/2009,280
27/10/2009,276
28/10/2009,290
29/10/2009,292
30/10/2009,295
31/10/2009,294
01/11/2009,267
02/11/2009,299
03/11/2009,259
04/11/2009,304
05/11/2009,269
06/11/2009,294
07/11/2009,281
08/11/2009,276
09/11/2009,295
10/11/2009,291
11/11/2009,248
12/11/2009,256
13/11/2009,283
14/11/2009,311
15/11/2009,276
16/11/2009,288
17/11/2009,296
18/11/2009,289
19/11/2009,268
20/11/2009,277
21/11/2009,283
22/11/2009,306
23/11/2009,278
24/11/2009,280
25/11/2009,261
26/11/2009,299
27/11/2009,296
28/11/2009,277
29/11/2009,279
30/11/2009,276
01/12/2009,284
02/12/2009,291
03/12/2009,274
04/12/2009,292
05/12/2009,265
06/12/2009,294
07/12/2009,274
08/12/2009,284
09/12/2009,296
10/12/2009,268
11/12/2009,309
12/12/2009,266
13/12/2009,276
14/12/2009,277
15/12/2009,279
16/12/2009,280
17/12/2009,302
18/12/2009,311
19/12/2009,311
20/12/2009,303
21/12/2009,364
22/12/2009,354
23/12/2009,331
24/12/2009,370
25/12/2009,306
26/12/2009,274
27/12/2009,296
28/12/2009,325
29/12/2009,340
30/12/2009,339
31/12/2009,333
01/01/2010,325
02/01/2010,324
03/01/2010,315
04/01/2010,291
05/01/2010,328
06/01/2010,341
07/01/2010,353
08/01/2010,327
09/01/2010,299
10/01/2010,341
11/01/2010,313
12/01/2010,341
13/01/2010,361
14/01/2010,379
15/01/2010,346
16/01/2010,312
17/01/2010,300
18/01/2010,368
19/01/2010,326
20/01/2010,333
21/01/2010,341
22/01/2010,317
23/01/2010,329
24/01/2010,289
25/01/2010,313
26/01/2010,335
27/01/2010,272
28/01/2010,349
29/01/2010,339
30/01/2010,326
31/01/2010,292
01/02/2010,313
02/02/2010,323
03/02/2010,331
04/02/2010,320
05/02/2010,340
06/02/2010,325
07/02/2010,296
08/02/2010,318
09/02/2010,308
10/02/2010,326
11/02/2010,302
12/02/2010,306
13/02/2010,311
14/02/2010,280
15/02/2010,353
16/02/2010,320
17/02/2010,306
18/02/2010,332
19/02/2010,321
20/02/2010,319
21/02/2010,309
22/02/2010,342
23/02/2010,288
24/02/2010,313
25/02/2010,315
26/02/2010,320
27/02/2010,335
28/02/2010,297
01/03/2010,327
02/03/2010,268
03/03/2010,321
04/03/2010,286
05/03/2010,323
06/03/2010,309
07/03/2010,282
08/03/2010,289
09/03/2010,310
10/03/2010,321
11/03/2010,326
12/03/2010,326
13/03/2010,286
14/03/2010,286
15/03/2010,313
16/03/2010,282
17/03/2010,288
18/03/2010,316
19/03/2010,297
20/03/2010,304
21/03/2010,292
22/03/2010,292
23/03/2010,302
24/03/2010,289
25/03/2010,312
26/03/2010,267
27/03/2010,312
28/03/2010,262
29/03/2010,303
30/03/2010,303
31/03/2010,288
01/04/2010,282
02/04/2010,320
03/04/2010,279
04/04/2010,249
05/04/2010,246
06/04/2010,305
07/04/2010,297
08/04/2010,291
09/04/2010,255
10/04/2010,274
11/04/2010,250
12/04/2010,268
13/04/2010,299
14/04/2010,303
15/04/2010,269
16/04/2010,282
17/04/2010,250
18/04/2010,277
19/04/2010,273
20/04/2010,279
21/04/2010,253
22/04/2010,277
23/04/2010,286
24/04/2010,262
25/04/2010,299
26/04/2010,256
27/04/2010,310
28/04/2010,272
29/04/2010,274
30/04/2010,289
01/05/2010,297
02/05/2010,258
03/05/2010,285
04/05/2010,263
05/05/2010,256
06/05/2010,291
07/05/2010,271
08/05/2010,281
09/05/2010,247
10/05/2010,283
11/05/2010,278
12/05/2010,297
13/05/2010,298
14/05/2010,274
15/05/2010,266
16/05/2010,271
17/05/2010,282
18/05/2010,296
19/05/2010,263
20/05/2010,287
21/05/2010,280
22/05/2010,301
23/05/2010,280
24/05/2010,288
25/05/2010,289
26/05/2010,276
27/05/2010,280
28/05/2010,270
29/05/2010,250
30/05/2010,233
31/05/2010,261
01/06/2010,287
02/06/2010,290
03/06/2010,312
04/06/2010,315
05/06/2010,278
06/06/2010,286
07/06/2010,303
08/06/2010,260
09/06/2010,275
10/06/2010,290
11/06/2010,263
12/06/2010,241
13/06/2010,250
14/06/2010,235
15/06/2010,226
16/06/2010,242
17/06/2010,270
18/06/2010,278
19/06/2010,261
20/06/2010,224
21/06/2010,276
22/06/2010,265
23/06/2010,298
24/06/2010,254
25/06/2010,320
26/06/2010,274
27/06/2010,274
28/06/2010,306
29/06/2010,330
30/06/2010,294
01/07/2010,292
02/07/2010,363
03/07/2010,348
04/07/2010,267
05/07/2010,278
06/07/2010,301
07/07/2010,255
08/07/2010,284
09/07/2010,294
10/07/2010,330
11/07/2010,321
12/07/2010,330
13/07/2010,284
14/07/2010,271
15/07/2010,255
16/07/2010,262
17/07/2010,247
18/07/2010,222
19/07/2010,260
20/07/2010,318
21/07/2010,291
22/07/2010,259
23/07/2010,222
24/07/2010,244
25/07/2010,248
26/07/2010,255
27/07/2010,257
28/07/2010,251
29/07/2010,245
30/07/2010,271
31/07/2010,212
01/08/2010,261
02/08/2010,247
03/08/2010,283
04/08/2010,244
05/08/2010,264
06/08/2010,271
07/08/2010,247
08/08/2010,229
09/08/2010,278
10/08/2010,269
11/08/2010,272
12/08/2010,261
13/08/2010,251
14/08/2010,263
15/08/2010,222
16/08/2010,259
17/08/2010,234
18/08/2010,266
19/08/2010,255
20/08/2010,267
21/08/2010,272
22/08/2010,300
23/08/2010,288
24/08/2010,261
25/08/2010,248
26/08/2010,249
27/08/2010,246
28/08/2010,278
29/08/2010,228
30/08/2010,246
31/08/2010,270
01/09/2010,243
02/09/2010,255
03/09/2010,285
04/09/2010,248
05/09/2010,257
06/09/2010,252
07/09/2010,263
08/09/2010,271
09/09/2010,270
10/09/2010,274
11/09/2010,258
12/09/2010,238
13/09/2010,302
14/09/2010,293
15/09/2010,283
16/09/2010,273
17/09/2010,271
18/09/2010,253
19/09/2010,236
20/09/2010,261
21/09/2010,275
22/09/2010,319
23/09/2010,307
24/09/2010,281
25/09/2010,270
26/09/2010,268
27/09/2010,306
28/09/2010,275
29/09/2010,259
30/09/2010,267
01/10/2010,304
02/10/2010,281
03/10/2010,260
04/10/2010,283
05/10/2010,292
06/10/2010,266
07/10/2010,298
08/10/2010,291
09/10/2010,267
10/10/2010,258
11/10/2010,252
12/10/2010,257
13/10/2010,250
14/10/2010,263
15/10/2010,262
16/10/2010,261
17/10/2010,268
18/10/2010,274
19/10/2010,271
20/10/2010,316
21/10/2010,274
22/10/2010,262
23/10/2010,271
24/10/2010,282
25/10/2010,277
26/10/2010,286
27/10/2010,267
28/10/2010,285
29/10/2010,306
30/10/2010,309
31/10/2010,275
01/11/2010,261
02/11/2010,284
03/11/2010,288
04/11/2010,296
05/11/2010,280
06/11/2010,268
07/11/2010,278
08/11/2010,300
09/11/2010,273
10/11/2010,266
11/11/2010,261
12/11/2010,287
13/11/2010,297
14/11/2010,288
15/11/2010,236
16/11/2010,287
17/11/2010,283
18/11/2010,298
19/11/2010,313
20/11/2010,269
21/11/2010,239
22/11/2010,250
23/11/2010,278
24/11/2010,307
25/11/2010,292
26/11/2010,312
27/11/2010,283
28/11/2010,274
29/11/2010,290
30/11/2010,309
01/12/2010,327
02/12/2010,305
03/12/2010,288
04/12/2010,327
05/12/2010,301
06/12/2010,314
07/12/2010,304
08/12/2010,321
09/12/2010,321
10/12/2010,309
11/12/2010,287
12/12/2010,316
13/12/2010,324
14/12/2010,326
15/12/2010,317
16/12/2010,358
17/12/2010,318
18/12/2010,333
19/12/2010,312
20/12/2010,309
21/12/2010,320
22/12/2010,338
23/12/2010,340
24/12/2010,340
25/12/2010,326
26/12/2010,339
27/12/2010,331
28/12/2010,320
29/12/2010,320
30/12/2010,344
31/12/2010,334
01/01/2011,331
02/01/2011,331
03/01/2011,368
04/01/2011,365
05/01/2011,301
06/01/2011,344
07/01/2011,350
08/01/2011,319
09/01/2011,287
10/01/2011,300
11/01/2011,336
12/01/2011,361
13/01/2011,377
14/01/2011,328
15/01/2011,294
16/01/2011,327
17/01/2011,316
18/01/2011,312
19/01/2011,323
20/01/2011,341
21/01/2011,310
22/01/2011,313
23/01/2011,276
24/01/2011,275
25/01/2011,324
26/01/2011,276
27/01/2011,317
28/01/2011,303
29/01/2011,273
30/01/2011,262
31/01/2011,275
01/02/2011,311
02/02/2011,297
03/02/2011,316
04/02/2011,327
05/02/2011,327
06/02/2011,291
07/02/2011,303
08/02/2011,299
09/02/2011,292
10/02/2011,284
11/02/2011,288
12/02/2011,305
13/02/2011,295
14/02/2011,311
15/02/2011,292
16/02/2011,309
17/02/2011,310
18/02/2011,296
19/02/2011,287
20/02/2011,263
21/02/2011,274
22/02/2011,268
23/02/2011,314
24/02/2011,312
25/02/2011,317
26/02/2011,295
27/02/2011,273
28/02/2011,286
01/03/2011,281
02/03/2011,269
03/03/2011,275
04/03/2011,305
05/03/2011,288
06/03/2011,268
07/03/2011,305
08/03/2011,313
09/03/2011,305
10/03/2011,325
11/03/2011,325
12/03/2011,297
13/03/2011,274
14/03/2011,299
15/03/2011,318
16/03/2011,302
17/03/2011,282
18/03/2011,298
19/03/2011,300
20/03/2011,278
21/03/2011,308
22/03/2011,269
23/03/2011,330
24/03/2011,282
25/03/2011,319
26/03/2011,286
27/03/2011,255
28/03/2011,263
29/03/2011,319
30/03/2011,295
31/03/2011,282
01/04/2011,296
02/04/2011,295
03/04/2011,264
04/04/2011,282
05/04/2011,254
06/04/2011,275
07/04/2011,314
08/04/2011,302
09/04/2011,283
10/04/2011,226
11/04/2011,249
12/04/2011,260
13/04/2011,284
14/04/2011,277
15/04/2011,296
16/04/2011,268
17/04/2011,264
18/04/2011,252
19/04/2011,270
20/04/2011,293
21/04/2011,322
22/04/2011,332
23/04/2011,307
24/04/2011,270
25/04/2011,295
26/04/2011,283
27/04/2011,273
28/04/2011,298
29/04/2011,275
30/04/2011,273
01/05/2011,237
02/05/2011,278
03/05/2011,283
04/05/2011,235
05/05/2011,258
06/05/2011,291
07/05/2011,264
08/05/2011,273
09/05/2011,304
10/05/2011,310
11/05/2011,304
12/05/2011,255
13/05/2011,293
14/05/2011,247
15/05/2011,249
16/05/2011,248
17/05/2011,271
18/05/2011,246
19/05/2011,255
20/05/2011,283
21/05/2011,285
22/05/2011,284
23/05/2011,266
24/05/2011,289
25/05/2011,280
26/05/2011,277
27/05/2011,284
28/05/2011,306
29/05/2011,257
30/05/2011,279
31/05/2011,262
01/06/2011,291
02/06/2011,288
03/06/2011,272
04/06/2011,319
05/06/2011,286
06/06/2011,276
07/06/2011,265
08/06/2011,272
09/06/2011,274
10/06/2011,283
11/06/2011,247
12/06/2011,253
13/06/2011,259
14/06/2011,268
15/06/2011,277
16/06/2011,268
17/06/2011,277
18/06/2011,284
19/06/2011,255
20/06/2011,252
21/06/2011,268
22/06/2011,273
23/06/2011,280
24/06/2011,265
25/06/2011,256
26/06/2011,238
27/06/2011,297
28/06/2011,384
29/06/2011,315
30/06/2011,249
01/07/2011,262
02/07/2011,269
03/07/2011,261
04/07/2011,274
05/07/2011,261
06/07/2011,285
07/07/2011,310
08/07/2011,308
09/07/2011,275
10/07/2011,257
11/07/2011,266
12/07/2011,263
13/07/2011,255
14/07/2011,252
15/07/2011,256
16/07/2011,261
17/07/2011,245
18/07/2011,284
19/07/2011,254
20/07/2011,254
21/07/2011,238
22/07/2011,265
23/07/2011,238
24/07/2011,257
25/07/2011,272
26/07/2011,252
27/07/2011,255
28/07/2011,241
29/07/2011,262
30/07/2011,242
31/07/2011,253
01/08/2011,282
02/08/2011,244
03/08/2011,312
04/08/2011,285
05/08/2011,277
06/08/2011,302
07/08/2011,229
08/08/2011,257
09/08/2011,263
10/08/2011,263
11/08/2011,302
12/08/2011,278
13/08/2011,280
14/08/2011,235
15/08/2011,233
16/08/2011,249
17/08/2011,237
18/08/2011,300
19/08/2011,257
20/08/2011,246
21/08/2011,248
22/08/2011,232
23/08/2011,289
24/08/2011,317
25/08/2011,250
26/08/2011,277
27/08/2011,245
28/08/2011,248
29/08/2011,240
30/08/2011,240
31/08/2011,250
01/09/2011,260
02/09/2011,274
03/09/2011,315
04/09/2011,277
05/09/2011,248
06/09/2011,257
07/09/2011,262
08/09/2011,271
09/09/2011,271
10/09/2011,292
11/09/2011,231
12/09/2011,252
13/09/2011,273
14/09/2011,263
15/09/2011,269
16/09/2011,275
17/09/2011,258
18/09/2011,232
19/09/2011,252
20/09/2011,256
21/09/2011,251
22/09/2011,272
23/09/2011,266
24/09/2011,256
25/09/2011,266
26/09/2011,281
27/09/2011,290
28/09/2011,289
29/09/2011,326
30/09/2011,294
01/10/2011,289
02/10/2011,246
03/10/2011,277
04/10/2011,273
05/10/2011,270
06/10/2011,266
07/10/2011,266
08/10/2011,289
09/10/2011,250
10/10/2011,299
11/10/2011,269
12/10/2011,295
13/10/2011,271
14/10/2011,268
15/10/2011,276
16/10/2011,236
17/10/2011,247
18/10/2011,288
19/10/2011,265
20/10/2011,284
21/10/2011,309
22/10/2011,260
23/10/2011,277
24/10/2011,291
25/10/2011,293
26/10/2011,322
27/10/2011,254
28/10/2011,315
29/10/2011,321
30/10/2011,289
31/10/2011,318
01/11/2011,307
02/11/2011,281
03/11/2011,311
04/11/2011,305
05/11/2011,320
06/11/2011,274
07/11/2011,257
08/11/2011,286
09/11/2011,293
10/11/2011,298
11/11/2011,281
12/11/2011,266
13/11/2011,256
14/11/2011,290
15/11/2011,303
16/11/2011,278
17/11/2011,324
18/11/2011,333
19/11/2011,279
20/11/2011,270
21/11/2011,273
22/11/2011,342
23/11/2011,272
24/11/2011,282
25/11/2011,296
26/11/2011,286
27/11/2011,276
28/11/2011,265
29/11/2011,341
30/11/2011,318
01/12/2011,340
02/12/2011,309
03/12/2011,294
04/12/2011,292
05/12/2011,300
06/12/2011,339
07/12/2011,320
08/12/2011,305
09/12/2011,310
10/12/2011,315
11/12/2011,293
12/12/2011,315
13/12/2011,327
14/12/2011,332
15/12/2011,323
16/12/2011,328
17/12/2011,288
18/12/2011,290
19/12/2011,359
20/12/2011,328
21/12/2011,365
22/12/2011,345
23/12/2011,317
24/12/2011,335
25/12/2011,334
26/12/2011,303
27/12/2011,331
28/12/2011,320
29/12/2011,347
30/12/2011,349
31/12/2011,337
01/01/2012,334
02/01/2012,314
03/01/2012,397
04/01/2012,312
05/01/2012,326
06/01/2012,326
07/01/2012,304
08/01/2012,307
09/01/2012,310
10/01/2012,314
11/01/2012,308
12/01/2012,356
13/01/2012,312
14/01/2012,305
15/01/2012,313
16/01/2012,334
17/01/2012,291
18/01/2012,334
19/01/2012,368
20/01/2012,290
21/01/2012,302
22/01/2012,313
23/01/2012,334
24/01/2012,337
25/01/2012,310
26/01/2012,307
27/01/2012,315
28/01/2012,316
29/01/2012,314
30/01/2012,303
31/01/2012,336
01/02/2012,360
02/02/2012,324
03/02/2012,367
04/02/2012,342
05/02/2012,326
06/02/2012,330
07/02/2012,344
08/02/2012,340
09/02/2012,349
10/02/2012,396
11/02/2012,378
12/02/2012,308
13/02/2012,393
14/02/2012,397
15/02/2012,396
16/02/2012,400
17/02/2012,391
18/02/2012,388
19/02/2012,352
20/02/2012,407
21/02/2012,365
22/02/2012,403
23/02/2012,401
24/02/2012,387
25/02/2012,461
26/02/2012,346
27/02/2012,387
28/02/2012,408
29/02/2012,370
01/03/2012,386
02/03/2012,382
03/03/2012,360
04/03/2012,357
05/03/2012,356
06/03/2012,348
07/03/2012,353
08/03/2012,344
09/03/2012,357
10/03/2012,368
11/03/2012,354
12/03/2012,345
13/03/2012,362
14/03/2012,318
15/03/2012,380
16/03/2012,360
17/03/2012,344
18/03/2012,318
19/03/2012,303
20/03/2012,322
21/03/2012,322
22/03/2012,328
23/03/2012,302
24/03/2012,341
25/03/2012,244
26/03/2012,309
27/03/2012,334
28/03/2012,328
29/03/2012,333
30/03/2012,324
31/03/2012,307
01/04/2012,271
02/04/2012,314
03/04/2012,298
04/04/2012,297
05/04/2012,291
06/04/2012,300
07/04/2012,312
08/04/2012,287
09/04/2012,310
10/04/2012,305
11/04/2012,333
12/04/2012,285
13/04/2012,318
14/04/2012,291
15/04/2012,280
16/04/2012,269
17/04/2012,305
18/04/2012,327
19/04/2012,318
20/04/2012,327
21/04/2012,290
22/04/2012,274
23/04/2012,271
24/04/2012,313
25/04/2012,299
26/04/2012,279
27/04/2012,332
28/04/2012,246
29/04/2012,287
30/04/2012,310
01/05/2012,302
02/05/2012,302
03/05/2012,318
04/05/2012,300
05/05/2012,287
06/05/2012,272
07/05/2012,281
08/05/2012,267
09/05/2012,312
10/05/2012,342
11/05/2012,296
12/05/2012,264
13/05/2012,258
14/05/2012,279
15/05/2012,260
16/05/2012,266
17/05/2012,282
18/05/2012,262
19/05/2012,258
20/05/2012,272
21/05/2012,312
22/05/2012,307
23/05/2012,286
24/05/2012,346
25/05/2012,291
26/05/2012,276
27/05/2012,268
28/05/2012,291
29/05/2012,282
30/05/2012,287
31/05/2012,265
01/06/2012,267
02/06/2012,246
03/06/2012,266
04/06/2012,263
05/06/2012,279
06/06/2012,285
07/06/2012,289
08/06/2012,277
09/06/2012,260
10/06/2012,244
11/06/2012,285
12/06/2012,253
13/06/2012,249
14/06/2012,268
15/06/2012,288
16/06/2012,266
17/06/2012,236
18/06/2012,298
19/06/2012,277
20/06/2012,282
21/06/2012,280
22/06/2012,264
23/06/2012,255
24/06/2012,246
25/06/2012,274
26/06/2012,296
27/06/2012,278
28/06/2012,320
29/06/2012,307
30/06/2012,291
01/07/2012,250
02/07/2012,239
03/07/2012,278
04/07/2012,268
05/07/2012,268
06/07/2012,320
07/07/2012,240
08/07/2012,251
09/07/2012,273
10/07/2012,303
11/07/2012,256
12/07/2012,268
13/07/2012,231
14/07/2012,268
15/07/2012,217
16/07/2012,235
17/07/2012,243
18/07/2012,245
19/07/2012,265
20/07/2012,256
21/07/2012,263
22/07/2012,267
23/07/2012,261
24/07/2012,285
25/07/2012,273
26/07/2012,307
27/07/2012,334
28/07/2012,313
29/07/2012,268
30/07/2012,238
31/07/2012,246
01/08/2012,268
02/08/2012,246
03/08/2012,268
04/08/2012,266
05/08/2012,239
06/08/2012,275
07/08/2012,263
08/08/2012,246
09/08/2012,275
10/08/2012,248
11/08/2012,267
12/08/2012,260
13/08/2012,246
14/08/2012,268
15/08/2012,263
16/08/2012,268
17/08/2012,255
18/08/2012,256
19/08/2012,282
20/08/2012,334
21/08/2012,309
22/08/2012,258
23/08/2012,271
24/08/2012,274
25/08/2012,265
26/08/2012,243
27/08/2012,250
28/08/2012,269
29/08/2012,256
30/08/2012,206
31/08/2012,264
01/09/2012,242
02/09/2012,244
03/09/2012,236
04/09/2012,288
05/09/2012,257
06/09/2012,245
07/09/2012,262
08/09/2012,259
09/09/2012,243
10/09/2012,262
11/09/2012,295
12/09/2012,263
13/09/2012,254
14/09/2012,270
15/09/2012,258
16/09/2012,243
17/09/2012,280
18/09/2012,258
19/09/2012,258
20/09/2012,239
21/09/2012,261
22/09/2012,265
23/09/2012,227
24/09/2012,280
25/09/2012,313
26/09/2012,261
27/09/2012,291
28/09/2012,308
29/09/2012,299
30/09/2012,244
01/10/2012,286
02/10/2012,308
03/10/2012,273
04/10/2012,283
05/10/2012,299
06/10/2012,289
07/10/2012,277
08/10/2012,281
09/10/2012,281
10/10/2012,311
11/10/2012,266
12/10/2012,293
13/10/2012,282
14/10/2012,251
15/10/2012,279
16/10/2012,278
17/10/2012,276
18/10/2012,300
19/10/2012,332
20/10/2012,297
21/10/2012,288
22/10/2012,293
23/10/2012,293
24/10/2012,291
25/10/2012,288
26/10/2012,301
27/10/2012,277
28/10/2012,275
29/10/2012,288
30/10/2012,315
31/10/2012,294
01/11/2012,300
02/11/2012,278
03/11/2012,259
04/11/2012,273
05/11/2012,276
06/11/2012,325
07/11/2012,300
08/11/2012,309
09/11/2012,310
10/11/2012,310
11/11/2012,265
12/11/2012,320
13/11/2012,274
14/11/2012,302
15/11/2012,307
16/11/2012,298
17/11/2012,279
18/11/2012,250
19/11/2012,291
20/11/2012,317
21/11/2012,276
22/11/2012,296
23/11/2012,292
24/11/2012,339
25/11/2012,268
26/11/2012,269
27/11/2012,294
28/11/2012,317
29/11/2012,335
30/11/2012,302
01/12/2012,275
02/12/2012,269
03/12/2012,299
04/12/2012,299
05/12/2012,297
06/12/2012,295
07/12/2012,323
08/12/2012,321
09/12/2012,318
10/12/2012,317
11/12/2012,279
12/12/2012,315
13/12/2012,301
14/12/2012,330
15/12/2012,343
16/12/2012,299
17/12/2012,349
18/12/2012,335
19/12/2012,306
20/12/2012,300
21/12/2012,349
22/12/2012,335
23/12/2012,318
24/12/2012,308
25/12/2012,322
26/12/2012,338
27/12/2012,308
28/12/2012,291
29/12/2012,329
30/12/2012,307
31/12/2012,325
01/01/2013,323
02/01/2013,338
03/01/2013,325
04/01/2013,309
05/01/2013,313
06/01/2013,303
07/01/2013,317
08/01/2013,330
09/01/2013,331
10/01/2013,325
11/01/2013,347
12/01/2013,320
13/01/2013,297
14/01/2013,320
15/01/2013,324
16/01/2013,302
17/01/2013,310
18/01/2013,316
19/01/2013,337
20/01/2013,329
21/01/2013,379
22/01/2013,329
23/01/2013,372
24/01/2013,339
25/01/2013,357
26/01/2013,333
27/01/2013,335
28/01/2013,341
29/01/2013,385
30/01/2013,384
31/01/2013,384
01/02/2013,385
02/02/2013,363
03/02/2013,334
04/02/2013,334
05/02/2013,374
06/02/2013,356
07/02/2013,363
08/02/2013,351
09/02/2013,331
10/02/2013,339
11/02/2013,369
12/02/2013,325
13/02/2013,363
14/02/2013,331
15/02/2013,354
16/02/2013,350
17/02/2013,352
18/02/2013,357
19/02/2013,329
20/02/2013,348
21/02/2013,332
22/02/2013,363
23/02/2013,353
24/02/2013,353
25/02/2013,411
26/02/2013,366
27/02/2013,348
28/02/2013,369
01/03/2013,368
02/03/2013,339
03/03/2013,348
04/03/2013,360
05/03/2013,381
06/03/2013,415
07/03/2013,404
08/03/2013,363
09/03/2013,342
10/03/2013,307
11/03/2013,313
12/03/2013,321
13/03/2013,341
14/03/2013,341
15/03/2013,350
16/03/2013,337
17/03/2013,340
18/03/2013,345
19/03/2013,357
20/03/2013,333
21/03/2013,363
22/03/2013,324
23/03/2013,337
24/03/2013,305
25/03/2013,358
26/03/2013,355
27/03/2013,351
28/03/2013,319
29/03/2013,338
30/03/2013,329
31/03/2013,315
01/04/2013,340
02/04/2013,357
03/04/2013,332
04/04/2013,323
05/04/2013,390
06/04/2013,323
07/04/2013,353
08/04/2013,377
09/04/2013,323
10/04/2013,375
11/04/2013,356
12/04/2013,347
13/04/2013,311
14/04/2013,326
15/04/2013,338
16/04/2013,357
17/04/2013,336
18/04/2013,336
19/04/2013,336
20/04/2013,289
21/04/2013,262
22/04/2013,307
23/04/2013,288
24/04/2013,315
25/04/2013,338
26/04/2013,295
27/04/2013,307
28/04/2013,289
29/04/2013,286
30/04/2013,251
01/05/2013,255
02/05/2013,282
03/05/2013,288
04/05/2013,311
05/05/2013,267
06/05/2013,295
07/05/2013,305
08/05/2013,295
09/05/2013,287
10/05/2013,253
11/05/2013,277
12/05/2013,248
13/05/2013,286
14/05/2013,283
15/05/2013,283
16/05/2013,285
17/05/2013,292
18/05/2013,302
19/05/2013,257
20/05/2013,272
21/05/2013,282
22/05/2013,292
23/05/2013,324
24/05/2013,260
25/05/2013,291
26/05/2013,263
27/05/2013,256
28/05/2013,291
29/05/2013,314
30/05/2013,285
31/05/2013,316
01/06/2013,279
02/06/2013,276
03/06/2013,317
04/06/2013,332
05/06/2013,309
06/06/2013,313
07/06/2013,340
08/06/2013,311
09/06/2013,257
10/06/2013,274
11/06/2013,317
12/06/2013,292
13/06/2013,295
14/06/2013,310
15/06/2013,245
16/06/2013,266
17/06/2013,290
18/06/2013,296
19/06/2013,320
20/06/2013,304
21/06/2013,302
22/06/2013,273
23/06/2013,247
24/06/2013,265
25/06/2013,285
26/06/2013,255
27/06/2013,252
28/06/2013,290
29/06/2013,249
30/06/2013,254
01/07/2013,251
02/07/2013,279
03/07/2013,292
04/07/2013,255
05/07/2013,256
06/07/2013,247
07/07/2013,248
08/07/2013,275
09/07/2013,299
10/07/2013,267
11/07/2013,277
12/07/2013,250
13/07/2013,257
14/07/2013,257
15/07/2013,266
16/07/2013,305
17/07/2013,239
18/07/2013,273
19/07/2013,312
20/07/2013,238
21/07/2013,250
22/07/2013,290
23/07/2013,319
24/07/2013,293
25/07/2013,307
26/07/2013,286
27/07/2013,312
28/07/2013,254
29/07/2013,263
30/07/2013,256
31/07/2013,287
01/08/2013,279
02/08/2013,282
03/08/2013,258
04/08/2013,242
05/08/2013,275
06/08/2013,249
07/08/2013,282
08/08/2013,245
09/08/2013,250
10/08/2013,243
11/08/2013,252
12/08/2013,260
13/08/2013,272
14/08/2013,216
15/08/2013,245
16/08/2013,267
17/08/2013,252
18/08/2013,249
19/08/2013,257
20/08/2013,274
21/08/2013,273
22/08/2013,271
23/08/2013,296
24/08/2013,240
25/08/2013,255
26/08/2013,239
27/08/2013,234
28/08/2013,268
29/08/2013,289
30/08/2013,284
31/08/2013,258
01/09/2013,234
02/09/2013,235
03/09/2013,282
04/09/2013,227
05/09/2013,311
06/09/2013,281
07/09/2013,259
08/09/2013,262
09/09/2013,274
10/09/2013,241
11/09/2013,253
12/09/2013,279
13/09/2013,265
14/09/2013,256
15/09/2013,225
16/09/2013,241
17/09/2013,262
18/09/2013,230
19/09/2013,250
20/09/2013,283
21/09/2013,256
22/09/2013,252
23/09/2013,286
24/09/2013,327
25/09/2013,284
26/09/2013,331
27/09/2013,288
28/09/2013,266
29/09/2013,283
30/09/2013,303
01/10/2013,286
02/10/2013,263
03/10/2013,283
04/10/2013,344
05/10/2013,265
06/10/2013,266
07/10/2013,258
08/10/2013,283
09/10/2013,279
10/10/2013,278
11/10/2013,256
12/10/2013,262
13/10/2013,259
14/10/2013,278
15/10/2013,287
16/10/2013,314
17/10/2013,300
18/10/2013,285
19/10/2013,304
20/10/2013,286
21/10/2013,312
22/10/2013,296
23/10/2013,279
24/10/2013,292
25/10/2013,279
26/10/2013,286
27/10/2013,231
28/10/2013,271
29/10/2013,260
30/10/2013,265
31/10/2013,269
01/11/2013,291
02/11/2013,282
03/11/2013,239
04/11/2013,271
05/11/2013,295
06/11/2013,282
07/11/2013,294
08/11/2013,281
09/11/2013,279
10/11/2013,246
11/11/2013,255
12/11/2013,277
13/11/2013,286
14/11/2013,271
15/11/2013,267
16/11/2013,264
17/11/2013,252
18/11/2013,327
19/11/2013,323
20/11/2013,278
21/11/2013,304
22/11/2013,285
23/11/2013,322
24/11/2013,271
25/11/2013,283
26/11/2013,281
27/11/2013,307
28/11/2013,303
29/11/2013,289
30/11/2013,300
01/12/2013,277
02/12/2013,308
03/12/2013,309
04/12/2013,298
05/12/2013,277
06/12/2013,294
07/12/2013,262
08/12/2013,265
09/12/2013,334
10/12/2013,280
11/12/2013,318
12/12/2013,318
13/12/2013,291
14/12/2013,300
15/12/2013,304
16/12/2013,296
17/12/2013,318
18/12/2013,315
19/12/2013,307
20/12/2013,334
21/12/2013,313
22/12/2013,306
23/12/2013,313
24/12/2013,325
25/12/2013,313
26/12/2013,314
27/12/2013,300
28/12/2013,322
29/12/2013,303
30/12/2013,288
31/12/2013,339
01/01/2014,333
02/01/2014,317
03/01/2014,344
04/01/2014,297
05/01/2014,296
06/01/2014,337
07/01/2014,334
08/01/2014,339
09/01/2014,298
10/01/2014,315
11/01/2014,299
12/01/2014,278
13/01/2014,326
14/01/2014,332
15/01/2014,293
16/01/2014,285
17/01/2014,310
18/01/2014,300
19/01/2014,290
20/01/2014,295
21/01/2014,313
22/01/2014,303
23/01/2014,309
24/01/2014,318
25/01/2014,296
26/01/2014,256
27/01/2014,301
28/01/2014,295
29/01/2014,328
30/01/2014,306
31/01/2014,333
01/02/2014,343
02/02/2014,284
03/02/2014,311
04/02/2014,322
05/02/2014,306
06/02/2014,337
07/02/2014,334
08/02/2014,305
09/02/2014,310
10/02/2014,286
11/02/2014,299
12/02/2014,327
13/02/2014,346
14/02/2014,299
15/02/2014,329
16/02/2014,281
17/02/2014,309
18/02/2014,318
19/02/2014,348
20/02/2014,312
21/02/2014,306
22/02/2014,304
23/02/2014,299
24/02/2014,309
25/02/2014,328
26/02/2014,312
27/02/2014,315
28/02/2014,325
01/03/2014,273
02/03/2014,269
03/03/2014,266
04/03/2014,290
05/03/2014,305
06/03/2014,300
07/03/2014,322
08/03/2014,308
09/03/2014,279
10/03/2014,320
11/03/2014,314
12/03/2014,307
13/03/2014,331
14/03/2014,311
15/03/2014,323
16/03/2014,292
17/03/2014,325
18/03/2014,297
19/03/2014,302
20/03/2014,303
21/03/2014,345
22/03/2014,296
23/03/2014,284
24/03/2014,293
25/03/2014,325
26/03/2014,326
27/03/2014,271
28/03/2014,271
29/03/2014,283
30/03/2014,279
31/03/2014,337
01/04/2014,301
02/04/2014,326
03/04/2014,307
04/04/2014,320
05/04/2014,301
06/04/2014,283
07/04/2014,313
08/04/2014,278
09/04/2014,248
10/04/2014,310
11/04/2014,310
12/04/2014,280
13/04/2014,289
14/04/2014,274
15/04/2014,280
16/04/2014,248
17/04/2014,275
18/04/2014,306
19/04/2014,272
20/04/2014,265
21/04/2014,285
22/04/2014,275
23/04/2014,303
24/04/2014,339
25/04/2014,286
26/04/2014,285
27/04/2014,244
28/04/2014,266
29/04/2014,277
30/04/2014,279
01/05/2014,246
02/05/2014,290
03/05/2014,284
04/05/2014,250
05/05/2014,271
06/05/2014,283
07/05/2014,302
08/05/2014,300
09/05/2014,264
10/05/2014,266
11/05/2014,250
12/05/2014,290
13/05/2014,269
14/05/2014,269
15/05/2014,296
16/05/2014,306
17/05/2014,290
18/05/2014,280
19/05/2014,275
20/05/2014,320
21/05/2014,285
22/05/2014,268
23/05/2014,284
24/05/2014,259
25/05/2014,257
26/05/2014,267
27/05/2014,283
28/05/2014,296
29/05/2014,281
30/05/2014,276
31/05/2014,276
01/06/2014,278
02/06/2014,260
03/06/2014,293
04/06/2014,299
05/06/2014,277
06/06/2014,277
07/06/2014,262
08/06/2014,280
09/06/2014,298
10/06/2014,313
11/06/2014,277
12/06/2014,255
13/06/2014,256
14/06/2014,267
15/06/2014,232
16/06/2014,251
17/06/2014,269
18/06/2014,277
19/06/2014,246
20/06/2014,290
21/06/2014,278
22/06/2014,242
23/06/2014,251
24/06/2014,314
25/06/2014,272
26/06/2014,255
27/06/2014,263
28/06/2014,271
29/06/2014,239
30/06/2014,223
01/07/2014,273
02/07/2014,262
03/07/2014,268
04/07/2014,315
05/07/2014,260
06/07/2014,266
07/07/2014,256
08/07/2014,282
09/07/2014,259
10/07/2014,298
11/07/2014,277
12/07/2014,251
13/07/2014,230
14/07/2014,236
15/07/2014,315
16/07/2014,239
17/07/2014,320
18/07/2014,290
19/07/2014,319
20/07/2014,320
21/07/2014,274
22/07/2014,295
23/07/2014,284
24/07/2014,293
25/07/2014,262
26/07/2014,293
27/07/2014,298
28/07/2014,301
29/07/2014,283
30/07/2014,263
31/07/2014,268
01/08/2014,273
02/08/2014,261
03/08/2014,256
04/08/2014,239
05/08/2014,255
06/08/2014,280
07/08/2014,289
08/08/2014,235
09/08/2014,273
10/08/2014,244
11/08/2014,241
12/08/2014,248
13/08/2014,266
14/08/2014,259
15/08/2014,263
16/08/2014,211
17/08/2014,219
18/08/2014,248
19/08/2014,300
20/08/2014,251
21/08/2014,240
22/08/2014,248
23/08/2014,269
24/08/2014,227
25/08/2014,264
26/08/2014,277
27/08/2014,273
28/08/2014,287
29/08/2014,268
30/08/2014,245
31/08/2014,267
01/09/2014,276
02/09/2014,279
03/09/2014,262
04/09/2014,278
05/09/2014,286
06/09/2014,276
07/09/2014,236
08/09/2014,254
09/09/2014,263
10/09/2014,282
11/09/2014,255
12/09/2014,253
13/09/2014,265
14/09/2014,265
15/09/2014,224
16/09/2014,293
17/09/2014,265
18/09/2014,309
19/09/2014,306
20/09/2014,260
21/09/2014,255
22/09/2014,235
23/09/2014,254
24/09/2014,242
25/09/2014,246
26/09/2014,288
27/09/2014,262
28/09/2014,265
29/09/2014,256
30/09/2014,264
01/10/2014,282
02/10/2014,271
03/10/2014,275
04/10/2014,284
05/10/2014,229
06/10/2014,250
07/10/2014,309
08/10/2014,273
09/10/2014,297
10/10/2014,261
11/10/2014,264
12/10/2014,228
13/10/2014,294
14/10/2014,257
15/10/2014,269
16/10/2014,268
17/10/2014,267
18/10/2014,314
19/10/2014,261
20/10/2014,275
21/10/2014,283
22/10/2014,290
23/10/2014,291
24/10/2014,264
25/10/2014,282
26/10/2014,282
27/10/2014,243
28/10/2014,307
29/10/2014,286
30/10/2014,275
31/10/2014,300
01/11/2014,285
02/11/2014,246
03/11/2014,275
04/11/2014,292
05/11/2014,281
06/11/2014,267
07/11/2014,276
08/11/2014,275
09/11/2014,256
10/11/2014,295
11/11/2014,296
12/11/2014,304
13/11/2014,276
14/11/2014,279
15/11/2014,274
16/11/2014,252
17/11/2014,267
18/11/2014,277
19/11/2014,290
20/11/2014,315
21/11/2014,305
22/11/2014,293
23/11/2014,277
24/11/2014,316
25/11/2014,302
26/11/2014,280
27/11/2014,315
28/11/2014,307
29/11/2014,299
30/11/2014,286
01/12/2014,266
02/12/2014,295
03/12/2014,323
04/12/2014,302
05/12/2014,312
06/12/2014,299
07/12/2014,291
08/12/2014,300
09/12/2014,313
10/12/2014,358
11/12/2014,332
12/12/2014,354
13/12/2014,332
14/12/2014,296
15/12/2014,303
16/12/2014,340
17/12/2014,329
18/12/2014,368
19/12/2014,374
20/12/2014,310
21/12/2014,302
22/12/2014,321
23/12/2014,337
24/12/2014,316
25/12/2014,316
26/12/2014,349
27/12/2014,315
28/12/2014,325
29/12/2014,341
30/12/2014,341
31/12/2014,344
01/01/2015,356
02/01/2015,383
03/01/2015,366
04/01/2015,330
05/01/2015,331
06/01/2015,325
07/01/2015,392
08/01/2015,390
09/01/2015,376
10/01/2015,378
11/01/2015,333
12/01/2015,361
13/01/2015,384
14/01/2015,366
15/01/2015,369
16/01/2015,377
17/01/2015,346
18/01/2015,323
19/01/2015,306
20/01/2015,399
21/01/2015,360
22/01/2015,383
23/01/2015,361
24/01/2015,364
25/01/2015,337
26/01/2015,373
27/01/2015,367
28/01/2015,404
29/01/2015,387
30/01/2015,392
31/01/2015,350
01/02/2015,371
02/02/2015,393
03/02/2015,412
04/02/2015,406
05/02/2015,383
06/02/2015,397
07/02/2015,358
08/02/2015,378
09/02/2015,437
10/02/2015,398
11/02/2015,437
12/02/2015,402
13/02/2015,442
14/02/2015,414
15/02/2015,362
16/02/2015,410
17/02/2015,372
18/02/2015,384
19/02/2015,392
20/02/2015,417
21/02/2015,391
22/02/2015,408
23/02/2015,408
24/02/2015,372
25/02/2015,393
26/02/2015,370
27/02/2015,381
28/02/2015,364
01/03/2015,355
02/03/2015,357
03/03/2015,330
04/03/2015,330
05/03/2015,368
06/03/2015,375
07/03/2015,351
08/03/2015,346
09/03/2015,337
10/03/2015,377
11/03/2015,319
12/03/2015,337
13/03/2015,336
14/03/2015,348
15/03/2015,326
16/03/2015,355
17/03/2015,402
18/03/2015,330
19/03/2015,352
20/03/2015,311
21/03/2015,325
22/03/2015,305
23/03/2015,341
24/03/2015,333
25/03/2015,319
26/03/2015,316
27/03/2015,332
28/03/2015,322
29/03/2015,307
30/03/2015,311
31/03/2015,322
01/04/2015,288
02/04/2015,294
03/04/2015,352
04/04/2015,317
05/04/2015,279
06/04/2015,289
07/04/2015,356
08/04/2015,324
09/04/2015,318
10/04/2015,325
11/04/2015,322
12/04/2015,284
13/04/2015,315
14/04/2015,340
15/04/2015,290
16/04/2015,296
17/04/2015,326
18/04/2015,310
19/04/2015,275
20/04/2015,290
21/04/2015,295
22/04/2015,305
23/04/2015,306
24/04/2015,320
25/04/2015,295
26/04/2015,276
27/04/2015,280
28/04/2015,280
29/04/2015,292
30/04/2015,304
01/05/2015,298
02/05/2015,245
03/05/2015,306
04/05/2015,296
05/05/2015,310
06/05/2015,262
07/05/2015,303
08/05/2015,312
09/05/2015,306
10/05/2015,274
11/05/2015,298
12/05/2015,297
13/05/2015,311
14/05/2015,280
15/05/2015,281
16/05/2015,256
17/05/2015,253
18/05/2015,292
19/05/2015,298
20/05/2015,273
21/05/2015,278
22/05/2015,272
23/05/2015,274
24/05/2015,263
25/05/2015,255
26/05/2015,264
27/05/2015,294
28/05/2015,273
29/05/2015,268
30/05/2015,265
31/05/2015,286
01/06/2015,296
02/06/2015,293
03/06/2015,280
04/06/2015,285
05/06/2015,301
06/06/2015,263
07/06/2015,224
08/06/2015,254
09/06/2015,267
10/06/2015,287
11/06/2015,277
12/06/2015,356
13/06/2015,294
14/06/2015,268
15/06/2015,249
16/06/2015,283
17/06/2015,279
18/06/2015,295
19/06/2015,279
20/06/2015,267
21/06/2015,248
22/06/2015,273
23/06/2015,243
24/06/2015,269
25/06/2015,298
26/06/2015,296
27/06/2015,266
28/06/2015,243
29/06/2015,293
30/06/2015,280
01/07/2015,338
02/07/2015,335
03/07/2015,369
04/07/2015,328
05/07/2015,358
06/07/2015,306
07/07/2015,276
08/07/2015,271
09/07/2015,263
10/07/2015,290
11/07/2015,265
12/07/2015,237
13/07/2015,264
14/07/2015,252
15/07/2015,261
16/07/2015,268
17/07/2015,284
18/07/2015,226
19/07/2015,242
20/07/2015,261
21/07/2015,265
22/07/2015,240
23/07/2015,236
24/07/2015,283
25/07/2015,237
26/07/2015,218
27/07/2015,244
28/07/2015,258
29/07/2015,257
30/07/2015,228
31/07/2015,295
01/08/2015,255
02/08/2015,240
03/08/2015,291
04/08/2015,283
05/08/2015,301
06/08/2015,297
07/08/2015,301
08/08/2015,284
09/08/2015,240
10/08/2015,271
11/08/2015,259
12/08/2015,296
13/08/2015,251
14/08/2015,299
15/08/2015,243
16/08/2015,233
17/08/2015,263
18/08/2015,244
19/08/2015,262
20/08/2015,240
21/08/2015,263
22/08/2015,237
23/08/2015,246
24/08/2015,305
25/08/2015,270
26/08/2015,278
27/08/2015,272
28/08/2015,266
29/08/2015,270
30/08/2015,258
31/08/2015,267
01/09/2015,244
02/09/2015,224
03/09/2015,238
04/09/2015,266
05/09/2015,272
06/09/2015,264
07/09/2015,265
08/09/2015,279
09/09/2015,255
10/09/2015,295
11/09/2015,275
12/09/2015,291
13/09/2015,257
14/09/2015,275
15/09/2015,237
16/09/2015,258
17/09/2015,279
18/09/2015,272
19/09/2015,266
20/09/2015,257
21/09/2015,256
22/09/2015,293
23/09/2015,291
24/09/2015,266
25/09/2015,304
26/09/2015,259
27/09/2015,263
28/09/2015,254
29/09/2015,305
30/09/2015,289
01/10/2015,305
02/10/2015,273
03/10/2015,261
04/10/2015,286
05/10/2015,270
06/10/2015,313
07/10/2015,293
08/10/2015,296
09/10/2015,306
10/10/2015,287
11/10/2015,254
12/10/2015,273
13/10/2015,287
14/10/2015,297
15/10/2015,285
16/10/2015,301
17/10/2015,314
18/10/2015,302
19/10/2015,292
20/10/2015,295
21/10/2015,279
22/10/2015,301
23/10/2015,276
24/10/2015,294
25/10/2015,301
26/10/2015,299
27/10/2015,334
28/10/2015,314
29/10/2015,316
30/10/2015,281
31/10/2015,289
01/11/2015,262
02/11/2015,267
03/11/2015,299
04/11/2015,305
05/11/2015,294
06/11/2015,276
07/11/2015,255
08/11/2015,255
09/11/2015,269
10/11/2015,293
11/11/2015,258
12/11/2015,285
13/11/2015,295
14/11/2015,260
15/11/2015,274
16/11/2015,311
17/11/2015,289
18/11/2015,306
19/11/2015,297
20/11/2015,281
21/11/2015,274
22/11/2015,262
23/11/2015,286
24/11/2015,327
25/11/2015,266
26/11/2015,284
27/11/2015,299
28/11/2015,283
29/11/2015,276
30/11/2015,255
01/12/2015,303
02/12/2015,299
03/12/2015,278
04/12/2015,317
05/12/2015,282
06/12/2015,258
07/12/2015,310
08/12/2015,311
09/12/2015,309
10/12/2015,293
11/12/2015,321
12/12/2015,292
13/12/2015,277
14/12/2015,284
15/12/2015,315
16/12/2015,317
17/12/2015,303
18/12/2015,294
19/12/2015,296
20/12/2015,276
21/12/2015,271
22/12/2015,294
23/12/2015,319
24/12/2015,303
25/12/2015,271
26/12/2015,278
27/12/2015,295
28/12/2015,293
29/12/2015,316
30/12/2015,314
31/12/2015,325
01/01/2016,287
02/01/2016,300
03/01/2016,288
04/01/2016,338
05/01/2016,318
06/01/2016,300
07/01/2016,317
08/01/2016,353
09/01/2016,315
10/01/2016,303
11/01/2016,320
12/01/2016,333
13/01/2016,306
14/01/2016,309
15/01/2016,366
16/01/2016,324
17/01/2016,276
18/01/2016,307
19/01/2016,356
20/01/2016,295
21/01/2016,346
22/01/2016,331
23/01/2016,342
24/01/2016,318
25/01/2016,343
26/01/2016,334
27/01/2016,290
28/01/2016,347
29/01/2016,319
30/01/2016,305
31/01/2016,325
01/02/2016,293
02/02/2016,301
03/02/2016,328
04/02/2016,311
05/02/2016,321
06/02/2016,310
07/02/2016,316
08/02/2016,301
09/02/2016,335
10/02/2016,318
11/02/2016,291
12/02/2016,299
13/02/2016,295
14/02/2016,288
15/02/2016,304
16/02/2016,279
17/02/2016,318
18/02/2016,338
19/02/2016,298
20/02/2016,315
21/02/2016,269
22/02/2016,317
23/02/2016,323
24/02/2016,311
25/02/2016,332
26/02/2016,330
27/02/2016,331
28/02/2016,286
29/02/2016,337
01/03/2016,341
02/03/2016,362
03/03/2016,328
04/03/2016,310
05/03/2016,322
06/03/2016,336
07/03/2016,353
08/03/2016,314
09/03/2016,343
10/03/2016,337
11/03/2016,346
12/03/2016,302
13/03/2016,269
14/03/2016,324
15/03/2016,310
16/03/2016,345
17/03/2016,336
18/03/2016,306
19/03/2016,303
20/03/2016,324
21/03/2016,307
22/03/2016,380
23/03/2016,380
24/03/2016,337
25/03/2016,353
26/03/2016,338
27/03/2016,269
28/03/2016,303
29/03/2016,341
30/03/2016,325
31/03/2016,326
01/04/2016,360
02/04/2016,320
03/04/2016,298
04/04/2016,312
05/04/2016,278
06/04/2016,288
07/04/2016,313
08/04/2016,307
09/04/2016,299
10/04/2016,283
11/04/2016,294
12/04/2016,326
13/04/2016,319
14/04/2016,314
15/04/2016,305
16/04/2016,313
17/04/2016,289
18/04/2016,281
19/04/2016,309
20/04/2016,317
21/04/2016,282
22/04/2016,307
23/04/2016,291
24/04/2016,262
25/04/2016,257
26/04/2016,299
27/04/2016,276
28/04/2016,282
29/04/2016,320
30/04/2016,278
01/05/2016,284
02/05/2016,287
03/05/2016,300
04/05/2016,322
05/05/2016,278
06/05/2016,317
07/05/2016,289
08/05/2016,294
09/05/2016,306
10/05/2016,345
11/05/2016,308
12/05/2016,282
13/05/2016,293
14/05/2016,278
15/05/2016,253
16/05/2016,252
17/05/2016,267
18/05/2016,295
19/05/2016,269
20/05/2016,277
21/05/2016,288
22/05/2016,278
23/05/2016,280
24/05/2016,258
25/05/2016,269
26/05/2016,292
27/05/2016,303
28/05/2016,295
29/05/2016,249
30/05/2016,262
31/05/2016,282
01/06/2016,277
02/06/2016,275
03/06/2016,295
04/06/2016,246
05/06/2016,248
06/06/2016,279
07/06/2016,274
08/06/2016,257
09/06/2016,251
10/06/2016,257
11/06/2016,262
12/06/2016,276
13/06/2016,261
14/06/2016,243
15/06/2016,270
16/06/2016,257
17/06/2016,279
18/06/2016,284
19/06/2016,257
20/06/2016,269
21/06/2016,306
22/06/2016,261
23/06/2016,304
24/06/2016,279
25/06/2016,251
26/06/2016,250
27/06/2016,242
28/06/2016,258
29/06/2016,265
30/06/2016,274
01/07/2016,281
02/07/2016,283
03/07/2016,243
04/07/2016,249
05/07/2016,266
06/07/2016,263
07/07/2016,256
08/07/2016,312
09/07/2016,275
10/07/2016,278
11/07/2016,279
12/07/2016,285
13/07/2016,261
14/07/2016,288
15/07/2016,274
16/07/2016,272
17/07/2016,274
18/07/2016,283
19/07/2016,287
20/07/2016,302
21/07/2016,291
22/07/2016,315
23/07/2016,312
24/07/2016,240
25/07/2016,273
26/07/2016,276
27/07/2016,277
28/07/2016,320
29/07/2016,268
30/07/2016,267
31/07/2016,236
01/08/2016,235
02/08/2016,281
03/08/2016,274
04/08/2016,256
05/08/2016,256
06/08/2016,261
07/08/2016,238
08/08/2016,255
09/08/2016,237
10/08/2016,256
11/08/2016,246
12/08/2016,256
13/08/2016,272
14/08/2016,266
15/08/2016,277
16/08/2016,277
17/08/2016,298
18/08/2016,284
19/08/2016,295
20/08/2016,285
21/08/2016,260
22/08/2016,299
23/08/2016,270
24/08/2016,271
25/08/2016,336
26/08/2016,319
27/08/2016,312
28/08/2016,313
29/08/2016,248
30/08/2016,266
31/08/2016,286
01/09/2016,259
02/09/2016,283
03/09/2016,274
04/09/2016,250
05/09/2016,247
06/09/2016,285
07/09/2016,284
08/09/2016,274
09/09/2016,252
10/09/2016,241
11/09/2016,252
12/09/2016,280
13/09/2016,296
14/09/2016,299
15/09/2016,278
16/09/2016,288
17/09/2016,250
18/09/2016,247
19/09/2016,250
20/09/2016,261
21/09/2016,259
22/09/2016,234
23/09/2016,269
24/09/2016,244
25/09/2016,252
26/09/2016,259
27/09/2016,268
28/09/2016,264
29/09/2016,282
30/09/2016,302
01/10/2016,285
02/10/2016,246
03/10/2016,256
04/10/2016,263
05/10/2016,266
06/10/2016,299
07/10/2016,264
08/10/2016,299
09/10/2016,257
10/10/2016,263
11/10/2016,299
12/10/2016,281
13/10/2016,288
14/10/2016,337
15/10/2016,310
16/10/2016,287
17/10/2016,285
18/10/2016,300
19/10/2016,304
20/10/2016,296
21/10/2016,292
22/10/2016,275
23/10/2016,289
24/10/2016,296
25/10/2016,290
26/10/2016,288
27/10/2016,277
28/10/2016,294
29/10/2016,300
30/10/2016,280
31/10/2016,302
01/11/2016,312
02/11/2016,289
03/11/2016,269
04/11/2016,326
05/11/2016,289
06/11/2016,301
07/11/2016,288
08/11/2016,323
09/11/2016,316
10/11/2016,302
11/11/2016,316
12/11/2016,280
13/11/2016,268
14/11/2016,270
15/11/2016,347
16/11/2016,337
17/11/2016,332
18/11/2016,313
19/11/2016,299
20/11/2016,279
21/11/2016,310
22/11/2016,314
23/11/2016,302
24/11/2016,300
25/11/2016,310
26/11/2016,302
27/11/2016,305
28/11/2016,268
29/11/2016,311
30/11/2016,309
01/12/2016,328
02/12/2016,352
03/12/2016,304
04/12/2016,319
05/12/2016,290
06/12/2016,323
07/12/2016,337
08/12/2016,329
09/12/2016,327
10/12/2016,307
11/12/2016,308
12/12/2016,330
13/12/2016,308
14/12/2016,337
15/12/2016,305
16/12/2016,289
17/12/2016,323
18/12/2016,329
19/12/2016,329
20/12/2016,301
21/12/2016,366
22/12/2016,320
23/12/2016,352
24/12/2016,315
25/12/2016,338
26/12/2016,316
27/12/2016,340
28/12/2016,326
29/12/2016,375
30/12/2016,369
31/12/2016,341
01/01/2017,351
02/01/2017,361
03/01/2017,338
04/01/2017,360
05/01/2017,378
06/01/2017,344
07/01/2017,417
08/01/2017,359
09/01/2017,367
10/01/2017,420
11/01/2017,396
12/01/2017,399
13/01/2017,419
14/01/2017,382
15/01/2017,352
16/01/2017,370
17/01/2017,388
18/01/2017,376
19/01/2017,356
20/01/2017,379
21/01/2017,388
22/01/2017,388
23/01/2017,368
24/01/2017,376
25/01/2017,378
26/01/2017,383
27/01/2017,393
28/01/2017,377
29/01/2017,416
30/01/2017,416
31/01/2017,433
01/02/2017,431
02/02/2017,458
03/02/2017,444
04/02/2017,410
05/02/2017,358
06/02/2017,383
07/02/2017,407
08/02/2017,382
09/02/2017,383
10/02/2017,374
11/02/2017,407
12/02/2017,355
13/02/2017,406
14/02/2017,377
15/02/2017,381
16/02/2017,399
17/02/2017,379
18/02/2017,362
19/02/2017,327
20/02/2017,320
21/02/2017,334
22/02/2017,360
23/02/2017,376
24/02/2017,335
25/02/2017,349
26/02/2017,315
27/02/2017,334
28/02/2017,370
01/03/2017,330
02/03/2017,332
03/03/2017,317
04/03/2017,345
05/03/2017,287
06/03/2017,314
07/03/2017,306
08/03/2017,315
09/03/2017,302
10/03/2017,310
11/03/2017,293
12/03/2017,298
13/03/2017,295
14/03/2017,299
15/03/2017,288
16/03/2017,307
17/03/2017,297
18/03/2017,290
19/03/2017,260
20/03/2017,317
21/03/2017,303
22/03/2017,291
23/03/2017,346
24/03/2017,287
25/03/2017,300
26/03/2017,262
27/03/2017,256
28/03/2017,330
29/03/2017,290
30/03/2017,334
31/03/2017,318
01/04/2017,278
02/04/2017,262
03/04/2017,274
04/04/2017,275
05/04/2017,279
06/04/2017,274
07/04/2017,298
08/04/2017,312
09/04/2017,257
10/04/2017,272
11/04/2017,278
12/04/2017,273
13/04/2017,277
14/04/2017,278
15/04/2017,296
16/04/2017,280
17/04/2017,286
18/04/2017,280
19/04/2017,274
20/04/2017,270
21/04/2017,285
22/04/2017,267
23/04/2017,255
24/04/2017,298
25/04/2017,295
26/04/2017,285
27/04/2017,308
28/04/2017,302
29/04/2017,292
30/04/2017,299
01/05/2017,288
02/05/2017,275
03/05/2017,330
04/05/2017,294
05/05/2017,305
06/05/2017,312
07/05/2017,287
08/05/2017,284
09/05/2017,280
10/05/2017,274
11/05/2017,284
12/05/2017,334
13/05/2017,276
14/05/2017,277
15/05/2017,299
16/05/2017,317
17/05/2017,338
18/05/2017,304
19/05/2017,293
20/05/2017,286
21/05/2017,273
22/05/2017,280
23/05/2017,291
24/05/2017,296
25/05/2017,260
26/05/2017,275
27/05/2017,290
28/05/2017,317
29/05/2017,319
30/05/2017,284
31/05/2017,275
01/06/2017,283
02/06/2017,320
03/06/2017,272
04/06/2017,228
05/06/2017,233
06/06/2017,283
07/06/2017,264
08/06/2017,260
09/06/2017,274
10/06/2017,263
11/06/2017,238
12/06/2017,245
13/06/2017,256
14/06/2017,271
15/06/2017,287
16/06/2017,287
17/06/2017,261
18/06/2017,261
19/06/2017,307
20/06/2017,295
21/06/2017,288
22/06/2017,368
23/06/2017,308
24/06/2017,281
25/06/2017,254
26/06/2017,253
27/06/2017,273
28/06/2017,281
29/06/2017,258
30/06/2017,269
01/07/2017,247
02/07/2017,240
03/07/2017,298
04/07/2017,265
05/07/2017,251
06/07/2017,288
07/07/2017,281
08/07/2017,290
09/07/2017,228
10/07/2017,284
11/07/2017,242
12/07/2017,278
13/07/2017,281
14/07/2017,264
15/07/2017,247
16/07/2017,251
17/07/2017,256
18/07/2017,273
19/07/2017,291
20/07/2017,291
21/07/2017,214
22/07/2017,250
23/07/2017,252
24/07/2017,265
25/07/2017,265
26/07/2017,258
27/07/2017,274
28/07/2017,263
29/07/2017,296
30/07/2017,276
31/07/2017,268
01/08/2017,267
02/08/2017,259
03/08/2017,288
04/08/2017,276
05/08/2017,234
06/08/2017,216
07/08/2017,286
08/08/2017,272
09/08/2017,254
10/08/2017,244
11/08/2017,278
12/08/2017,231
13/08/2017,261
14/08/2017,257
15/08/2017,258
16/08/2017,277
17/08/2017,259
18/08/2017,272
19/08/2017,252
20/08/2017,209
21/08/2017,258
22/08/2017,291
23/08/2017,288
24/08/2017,267
25/08/2017,293
26/08/2017,295
27/08/2017,259
28/08/2017,269
29/08/2017,299
30/08/2017,299
31/08/2017,268
01/09/2017,284
02/09/2017,261
03/09/2017,244
04/09/2017,277
05/09/2017,268
06/09/2017,257
07/09/2017,283
08/09/2017,264
09/09/2017,293
10/09/2017,241
11/09/2017,251
12/09/2017,260
13/09/2017,268
14/09/2017,280
15/09/2017,273
16/09/2017,236
17/09/2017,255
18/09/2017,269
19/09/2017,284
20/09/2017,246
21/09/2017,288
22/09/2017,312
23/09/2017,258
24/09/2017,251
25/09/2017,267
26/09/2017,283
27/09/2017,298
28/09/2017,275
29/09/2017,293
30/09/2017,289
01/10/2017,258
02/10/2017,293
03/10/2017,282
04/10/2017,272
05/10/2017,259
06/10/2017,288
07/10/2017,292
08/10/2017,269
09/10/2017,292
10/10/2017,291
11/10/2017,310
12/10/2017,312
13/10/2017,323
14/10/2017,241
15/10/2017,290
16/10/2017,296
17/10/2017,306
18/10/2017,255
19/10/2017,286
20/10/2017,305
21/10/2017,302
22/10/2017,257
23/10/2017,247
24/10/2017,277
25/10/2017,303
26/10/2017,265
27/10/2017,270
28/10/2017,276
29/10/2017,275
30/10/2017,285
31/10/2017,292
01/11/2017,264
02/11/2017,273
03/11/2017,270
04/11/2017,270
05/11/2017,238
06/11/2017,267
07/11/2017,293
08/11/2017,271
09/11/2017,282
10/11/2017,280
11/11/2017,286
12/11/2017,260
13/11/2017,296
14/11/2017,312
15/11/2017,288
16/11/2017,312
17/11/2017,298
18/11/2017,298
19/11/2017,274
20/11/2017,306
21/11/2017,318
22/11/2017,303
23/11/2017,302
24/11/2017,308
25/11/2017,314
26/11/2017,263
27/11/2017,296
28/11/2017,301
29/11/2017,304
30/11/2017,291
01/12/2017,294
02/12/2017,310
03/12/2017,284
04/12/2017,340
05/12/2017,329
06/12/2017,319
07/12/2017,323
08/12/2017,346
09/12/2017,329
10/12/2017,290
11/12/2017,342
12/12/2017,310
13/12/2017,345
14/12/2017,344
15/12/2017,356
16/12/2017,331
17/12/2017,297
18/12/2017,300
19/12/2017,319
20/12/2017,348
21/12/2017,325
22/12/2017,361
23/12/2017,301
24/12/2017,318
25/12/2017,341
26/12/2017,352
27/12/2017,331
28/12/2017,350
29/12/2017,343
30/12/2017,320
31/12/2017,313
01/01/2018,317
02/01/2018,357
03/01/2018,359
04/01/2018,363
05/01/2018,374
06/01/2018,303
07/01/2018,309
08/01/2018,296
09/01/2018,348
10/01/2018,350
11/01/2018,349
12/01/2018,354
13/01/2018,309
14/01/2018,311
15/01/2018,314
16/01/2018,337
17/01/2018,335
18/01/2018,332
19/01/2018,336
20/01/2018,343
21/01/2018,339
22/01/2018,317
23/01/2018,352
24/01/2018,323
25/01/2018,347
26/01/2018,298
27/01/2018,315
28/01/2018,301
29/01/2018,331
30/01/2018,355
31/01/2018,386
01/02/2018,342
02/02/2018,325
03/02/2018,315
04/02/2018,301
05/02/2018,309
06/02/2018,345
07/02/2018,309
08/02/2018,367
09/02/2018,367
10/02/2018,342
11/02/2018,314
12/02/2018,345
13/02/2018,357
14/02/2018,385
15/02/2018,382
16/02/2018,376
17/02/2018,386
18/02/2018,334
19/02/2018,327
20/02/2018,374
21/02/2018,385
22/02/2018,404
23/02/2018,383
24/02/2018,394
25/02/2018,361
26/02/2018,390
27/02/2018,425
28/02/2018,445
01/03/2018,441
02/03/2018,441
03/03/2018,443
04/03/2018,417
05/03/2018,445
06/03/2018,415
07/03/2018,462
08/03/2018,438
09/03/2018,460
10/03/2018,407
11/03/2018,389
12/03/2018,416
13/03/2018,427
14/03/2018,389
15/03/2018,388
16/03/2018,394
17/03/2018,364
18/03/2018,346
19/03/2018,376
20/03/2018,378
21/03/2018,374
22/03/2018,392
23/03/2018,414
24/03/2018,340
25/03/2018,320
26/03/2018,342
27/03/2018,358
28/03/2018,392
29/03/2018,345
30/03/2018,359
31/03/2018,330
01/04/2018,334
02/04/2018,315
03/04/2018,312
04/04/2018,326
05/04/2018,326
06/04/2018,326
07/04/2018,301
08/04/2018,297
09/04/2018,324
10/04/2018,321
11/04/2018,354
12/04/2018,335
13/04/2018,279
14/04/2018,267
15/04/2018,295
16/04/2018,266
17/04/2018,277
18/04/2018,289
19/04/2018,330
20/04/2018,336
21/04/2018,271
22/04/2018,275
23/04/2018,277
24/04/2018,327
25/04/2018,276
26/04/2018,298
27/04/2018,277
28/04/2018,254
29/04/2018,244
30/04/2018,262
01/05/2018,267
02/05/2018,231
03/05/2018,251
04/05/2018,289
05/05/2018,286
06/05/2018,281
07/05/2018,279
08/05/2018,298
09/05/2018,331
10/05/2018,257
11/05/2018,279
12/05/2018,278
13/05/2018,258
14/05/2018,278
15/05/2018,290
16/05/2018,273
17/05/2018,268
18/05/2018,265
19/05/2018,238
20/05/2018,248
21/05/2018,255
22/05/2018,281
23/05/2018,300
24/05/2018,281
25/05/2018,295
26/05/2018,270
27/05/2018,269
28/05/2018,277
29/05/2018,302
30/05/2018,311
31/05/2018,273
01/06/2018,275
02/06/2018,278
03/06/2018,237
04/06/2018,222
05/06/2018,280
06/06/2018,270
07/06/2018,274
08/06/2018,281
09/06/2018,253
10/06/2018,231
11/06/2018,252
12/06/2018,239
13/06/2018,259
14/06/2018,232
15/06/2018,291
16/06/2018,252
17/06/2018,209
18/06/2018,228
19/06/2018,266
20/06/2018,292
21/06/2018,243
22/06/2018,243
23/06/2018,240
24/06/2018,267
25/06/2018,277
26/06/2018,291
27/06/2018,255
28/06/2018,273
29/06/2018,297
30/06/2018,286
01/07/2018,271
02/07/2018,318
03/07/2018,285
04/07/2018,285
05/07/2018,308
06/07/2018,311
07/07/2018,300
08/07/2018,273
09/07/2018,251
10/07/2018,281
11/07/2018,252
12/07/2018,235
13/07/2018,283
14/07/2018,278
15/07/2018,253
16/07/2018,274
17/07/2018,279
18/07/2018,297
19/07/2018,294
20/07/2018,304
21/07/2018,285
22/07/2018,255
23/07/2018,254
24/07/2018,281
25/07/2018,295
26/07/2018,321
27/07/2018,311
28/07/2018,339
29/07/2018,306
30/07/2018,311
31/07/2018,328
01/08/2018,320
02/08/2018,295
03/08/2018,289
04/08/2018,329
05/08/2018,253
06/08/2018,285
07/08/2018,322
08/08/2018,299
09/08/2018,327
10/08/2018,283
11/08/2018,250
12/08/2018,234
13/08/2018,293
14/08/2018,260
15/08/2018,268
16/08/2018,299
17/08/2018,258
18/08/2018,246
19/08/2018,263
20/08/2018,244
21/08/2018,243
22/08/2018,297
23/08/2018,264
24/08/2018,276
25/08/2018,230
26/08/2018,270
27/08/2018,234
28/08/2018,277
29/08/2018,280
30/08/2018,265
31/08/2018,246
01/09/2018,272
02/09/2018,251
03/09/2018,263
04/09/2018,292
05/09/2018,269
06/09/2018,277
07/09/2018,307
08/09/2018,264
09/09/2018,237
10/09/2018,263
11/09/2018,269
12/09/2018,269
13/09/2018,262
14/09/2018,263
15/09/2018,258
16/09/2018,227
17/09/2018,282
18/09/2018,322
19/09/2018,310
20/09/2018,266
21/09/2018,277
22/09/2018,286
23/09/2018,227
24/09/2018,227
25/09/2018,271
26/09/2018,256
27/09/2018,299
28/09/2018,267
29/09/2018,271
30/09/2018,240
01/10/2018,284
02/10/2018,288
03/10/2018,311
04/10/2018,270
05/10/2018,302
06/10/2018,280
07/10/2018,230
08/10/2018,284
09/10/2018,240
10/10/2018,319
11/10/2018,291
12/10/2018,303
13/10/2018,304
14/10/2018,265
15/10/2018,318
16/10/2018,299
17/10/2018,290
18/10/2018,265
19/10/2018,281
20/10/2018,242
21/10/2018,262
22/10/2018,270
23/10/2018,265
24/10/2018,294
25/10/2018,260
26/10/2018,308
27/10/2018,265
28/10/2018,256
29/10/2018,274
30/10/2018,289
31/10/2018,257
01/11/2018,278
02/11/2018,280
03/11/2018,287
04/11/2018,242
05/11/2018,307
06/11/2018,315
07/11/2018,311
08/11/2018,276
09/11/2018,283
10/11/2018,268
11/11/2018,289
12/11/2018,316
13/11/2018,299
14/11/2018,284
15/11/2018,291
16/11/2018,288
17/11/2018,269
18/11/2018,270
19/11/2018,298
20/11/2018,277
21/11/2018,327
22/11/2018,292
23/11/2018,317
24/11/2018,272
25/11/2018,277
26/11/2018,293
27/11/2018,322
28/11/2018,307
29/11/2018,301
30/11/2018,293
01/12/2018,320
02/12/2018,271
03/12/2018,283
04/12/2018,313
05/12/2018,323
06/12/2018,309
07/12/2018,351
08/12/2018,312
09/12/2018,282
10/12/2018,326
11/12/2018,305
12/12/2018,318
13/12/2018,327
14/12/2018,310
15/12/2018,335
16/12/2018,312
17/12/2018,310
18/12/2018,345
19/12/2018,319
20/12/2018,337
21/12/2018,329
22/12/2018,315
23/12/2018,308
24/12/2018,292
25/12/2018,284
26/12/2018,314
27/12/2018,325
28/12/2018,335
29/12/2018,380
30/12/2018,321
31/12/2018,304
